{"cameraMode":{"drawMode":0,"name":"Shaded","section":"Shading Mode"},"sceneLighting":true,"audioPlay":false,"sceneViewState":{"showFog":false,"showMaterialUpdate":false,"showSkybox":false,"showFlares":false,"showImageEffects":false,"showParticleSystems":false},"in2DMode":false,"pivot":{"x":678.9915771484375,"y":185.59890747070313,"z":929.4378662109375},"rotation":{"x":0.0044999192468822,"y":-0.006314852274954319,"z":0.00003040233968931716,"w":0.9999740719795227},"size":804.5804443359375,"orthographic":false}