{"cameraMode":{"drawMode":0,"name":"Shaded","section":"Shading Mode"},"sceneLighting":false,"audioPlay":false,"sceneViewState":{"showFog":false,"showMaterialUpdate":false,"showSkybox":false,"showFlares":false,"showImageEffects":false,"showParticleSystems":false},"in2DMode":false,"pivot":{"x":825.293701171875,"y":514.6990966796875,"z":-212.4384765625},"rotation":{"x":0.2963451147079468,"y":-0.014325546100735665,"z":0.004445508122444153,"w":0.9549636840820313},"size":655.67529296875,"orthographic":false}